id,"part_type",used_miles,"date_replaced","model",strava_user_id,"strava_bike_id","broken_worn","bike_type"
1,"sealant",13567,"2022-02-17","N/A",11177429,"b8604913",NULL,NULL
2,"brake bleed",2015,"2022-02-17","N/A",11177429,"b8604913",NULL,NULL
3,"brake bleed",2039,"2022-02-22","N/A",11177429,"b8604913",NULL,NULL
4,"sealant",4816,"2022-02-22","N/A",11177429,"b8604913",NULL,NULL
5,"dropper",3249,"2022-03-04","unknown",14298849,"b4550951",NULL,NULL
6,"sealant",3558,"2022-03-04","N/A",14298849,"b4550951",NULL,NULL
7,"sealant",20358,"2022-03-11","N/A",11177429,"b8604913",NULL,NULL
8,"sealant",1,"2022-03-14","N/A",36778899,"b10084455",NULL,NULL
9,"sealant",13946,"2022-03-16","N/A",32790300,"b8722228",NULL,NULL
10,"sealant",20131,"2022-03-19","N/A",14298849,"b4550951",NULL,NULL
11,"sealant",5578,"2022-03-23","N/A",14298849,"b4550951",NULL,NULL
12,"brake pads",2414,"2022-03-24","unknown",892461,"b9172296",NULL,NULL
13,"front fork",2414,"2022-03-24","unknown",892461,"b9172296",NULL,NULL
14,"rear shock",2414,"2022-03-24","unknown",892461,"b9172296",NULL,NULL
15,"dropper",2414,"2022-03-24","unknown",892461,"b9172296",NULL,NULL
16,"front fork",650,"2022-03-24","unknown",32790300,"b8998999",NULL,NULL
17,"rear shock",650,"2022-03-24","unknown",32790300,"b8998999",NULL,NULL
18,"sealant",7829,"2022-03-26","N/A",32790300,"b8722228",NULL,NULL
19,"sealant",3,"2022-03-26","N/A",32790300,"b8722228",NULL,NULL
20,"sealant",3043,"2022-03-26","N/A",14298849,"b4550951",NULL,NULL
21,"sealant",749,"2022-03-26","N/A",32790300,"b8722228",NULL,NULL
22,"sealant",28,"2022-03-26","N/A",32790300,"b10482015",NULL,NULL
23,"brake pads",650,"2022-04-06","unknown",32790300,"b8998999",NULL,NULL
24,"dropper",5533,"2022-04-16","unknown",892461,"b5734928",NULL,NULL
25,"tires",2767,"2022-04-22","unknown",892461,"b9172296",NULL,NULL
26,"sealant",2104,"2022-04-29","N/A",892461,"b9172296",NULL,NULL
27,"cassette",129,"2022-04-30","\"XX1\"",11177429,"b8604913",NULL,NULL
28,"front fork",1000,"2022-06-01","unknown",95938847,"b10145659",NULL,NULL
29,"rear shock",1000,"2022-06-01","unknown",95938847,"b10145659",NULL,NULL
30,"brake bleed",3057,"2022-06-09","N/A",892461,"b9172296",NULL,NULL
31,"sealant",2311,"2022-06-16","N/A",11177429,"b8604913",NULL,NULL
32,"brake pads",957,"2022-07-02","unknown",892461,"b9172296",NULL,NULL
44,"brake pads",12,"2022-07-26","unknown",40573190,"b9609983",NULL,NULL
45,"brake bleed",12,"2022-07-26","N/A",40573190,"b9609983",NULL,NULL
46,"chain",137,"2022-08-03","\"\"",43375314,"b10439181",NULL,NULL
47,"sealant",3890,"2022-08-11","N/A",32790300,"b8998999",NULL,NULL
48,"bottom bracket",108,"2022-08-12","unknown",95095503,"b10337705",NULL,NULL
49,"chainring",108,"2022-08-12","unknown",95095503,"b10337705",NULL,NULL
50,"cassette",108,"2022-08-12","\"X01\"",95095503,"b10337705",NULL,NULL
51,"brake bleed",108,"2022-08-12","N/A",95095503,"b10337705",NULL,NULL
52,"front fork",108,"2022-08-12","unknown",95095503,"b10337705",NULL,NULL
53,"chain",168,"2022-08-12","\"X01\"",95095503,"b10337705",NULL,NULL
54,"sealant",2759,"2022-08-12","N/A",95095503,"b10337705",NULL,NULL
55,"sealant",2598,"2022-08-16","N/A",892461,"b9172296",NULL,NULL
56,"chain",1854,"2022-08-18","\"XX1\"",11177429,"b8604913",NULL,NULL
57,"sealant",2925,"2022-08-20","N/A",43375314,"b10439181",NULL,NULL
58,"sealant",1687,"2022-08-25","N/A",11177429,"b8604913",NULL,NULL
59,"chainring",149,"2022-09-09","unknown",91084926,"b11169479",NULL,NULL
60,"chainring",88,"2022-09-09","unknown",40573190,"b9609983",NULL,NULL
61,"brake bleed",319,"2022-09-20","N/A",43375314,"b10439181",NULL,NULL
62,"sealant",1729,"2022-09-25","N/A",91084926,"b11169479",NULL,NULL
63,"brake rotors",293,"2022-10-01","N/A",103883118,"b11340096",NULL,NULL
64,"brake bleed",293,"2022-10-01","N/A",103883118,"b11340096",NULL,NULL
65,"brake pads",293,"2022-10-01","unknown",103883118,"b11340096",NULL,NULL
66,"chain",257,"2022-10-02","\"\"",21956011,"b11201100",NULL,NULL
67,"sealant",1116,"2022-10-07","N/A",43375314,"b10439181",NULL,NULL
68,"sealant",2069,"2022-10-15","N/A",21956011,"b11201100",NULL,NULL
69,"rear shock",448,"2022-10-16","unknown",43375314,"b10439181",NULL,NULL
70,"cassette",338,"2022-11-06","\"\"",91084926,"b11169479",NULL,NULL
71,"chain",338,"2022-11-12","\"\"",91084926,"b11169479",NULL,NULL
72,"sealant",64501,"2022-12-09","N/A",892461,"b5734928",NULL,NULL
73,"sealant",2293,"2022-12-09","N/A",892461,"b9172296",NULL,NULL
74,"sealant",956,"2022-12-14","N/A",21956011,"b11201100",NULL,NULL
75,"chainring",229,"2022-12-25","unknown",91084926,"b11169479",NULL,NULL
76,"brake rotors",4294,"2023-01-15","N/A",892461,"b9172296",NULL,NULL
77,"sealant",2422,"2023-01-16","N/A",43375314,"b10439181",NULL,NULL
78,"sealant",2859,"2023-02-18","N/A",40573190,"b11623695",NULL,NULL
79,"sealant",4197,"2023-03-19","N/A",91084926,"b11169479",NULL,NULL
80,"sealant",2336,"2023-03-22","N/A",21956011,"b11201100",NULL,NULL
81,"front fork",2639,"2023-04-02","unknown",892461,"b9172296",NULL,NULL
82,"rear shock",2666,"2023-04-02","unknown",892461,"b9172296",NULL,NULL
83,"dropper",2666,"2023-04-02","unknown",892461,"b9172296",NULL,NULL
84,"sealant",8758,"2023-04-19","N/A",36778899,"b10084455",NULL,NULL
85,"rear shock",1060,"2023-04-19","unknown",36778899,"b10084455",NULL,NULL
86,"front fork",1060,"2023-04-19","unknown",36778899,"b10084455",NULL,NULL
87,"bottom bracket",1043,"2023-04-19","unknown",36778899,"b10084455",NULL,NULL
88,"chain",419,"2023-04-25","\"\"",21956011,"b11201100",NULL,NULL
89,"brake rotors",685,"2023-04-28","N/A",21956011,"b11201100",NULL,NULL
90,"sealant",2012,"2023-06-15","N/A",91084926,"b11169479",NULL,NULL
91,"sealant",2813,"2023-06-16","N/A",40573190,"b11623695",NULL,NULL
92,"brake pads",1018,"2023-06-21","unknown",103883118,"b11340096",NULL,NULL
93,"dropper",1311,"2023-06-21","unknown",103883118,"b11340096",NULL,NULL
94,"chain",347,"2023-07-03","\"\"",21956011,"b11201100",NULL,NULL
95,"brake bleed",1027,"2023-07-06","N/A",21956011,"b11201100",NULL,NULL
96,"chain",1019,"2023-07-11","\"XX1\"",11177429,"b8604913",NULL,NULL
97,"brake pads",1602,"2023-07-11","unknown",11177429,"b8604913",NULL,NULL
98,"bottom bracket",1602,"2023-07-11","unknown",11177429,"b8604913",NULL,NULL
99,"sealant",7671,"2023-07-11","N/A",11177429,"b8604913",NULL,NULL
100,"front fork",1602,"2023-07-11","unknown",11177429,"b8604913",NULL,NULL
101,"rear shock",1602,"2023-07-11","unknown",11177429,"b8604913",NULL,NULL
102,"chainring",1602,"2023-07-11","unknown",11177429,"b8604913",NULL,NULL
103,"tires",1602,"2023-07-11","unknown",11177429,"b8604913",NULL,NULL
104,"brake bleed",1548,"2023-07-11","N/A",11177429,"b8604913",NULL,NULL
105,"cassette",1473,"2023-07-11","\"XX1\"",11177429,"b8604913",NULL,NULL
106,"brake rotors",1602,"2023-07-11","N/A",11177429,"b8604913",NULL,NULL
107,"front fork",1314,"2023-08-04","unknown",21956011,"b11201100",NULL,NULL
108,"cassette",1314,"2023-08-08","\"\"",21956011,"b11201100",NULL,NULL
109,"sealant",3228,"2023-08-08","N/A",21956011,"b11201100",NULL,NULL
110,"brake pads",2952,"2023-08-22","unknown",892461,"b9172296",NULL,NULL
111,"sealant",6123,"2023-08-22","N/A",892461,"b9172296",NULL,NULL
112,"tires",3556,"2023-08-22","unknown",892461,"b9172296",NULL,NULL
113,"dropper",1243,"2023-08-22","unknown",892461,"b9172296",NULL,NULL
114,"front fork",1364,"2023-09-21","unknown",103883118,"b11340096",NULL,NULL
115,"chain",620,"2023-11-02","\"XX1\"",40573190,"b11623695",NULL,NULL
116,"sealant",2247,"2023-11-24","N/A",892461,"b9172296",NULL,NULL
117,"bottom bracket",6704,"2023-12-20","unknown",892461,"b9172296",NULL,NULL
118,"chain",6989,"2024-02-11","\"XX1\"",892461,"b9172296",NULL,NULL
119,"chainring",6989,"2024-02-11","unknown",892461,"b9172296",NULL,NULL
120,"rear shock",1909,"2024-02-11","unknown",892461,"b9172296",NULL,NULL
121,"front fork",1909,"2024-02-11","unknown",892461,"b9172296",NULL,NULL
122,"cassette",7145,"2024-03-15","\"XX1\"",892461,"b9172296",NULL,NULL
123,"brake pads",822,"2024-03-15","unknown",892461,"b9172296",NULL,NULL
124,"chain",156,"2024-03-15","\"XX1\"",892461,"b9172296",NULL,NULL
125,"brake bleed",363,"2024-03-27","N/A",182209,"b13825986",NULL,NULL
126,"chain",638,"2024-04-16","\"NX\"",182209,"b13825986",NULL,NULL
127,"sealant",1676,"2024-04-18","N/A",182209,"b13825986",NULL,NULL
128,"chain",988,"2024-05-23","\"NX\"",182209,"b13825986",NULL,NULL
129,"chain",1267,"2024-07-27","\"NX\"",182209,"b13825986",NULL,NULL
130,"cassette",2255,"2024-07-27","\"X01\"",182209,"b13825986",NULL,NULL
131,"rear shock",1913,"2024-09-28","unknown",892461,"b9172296",NULL,NULL
132,"tires",2579,"2024-09-28","unknown",892461,"b9172296",NULL,NULL
133,"sealant",18794,"2024-10-04","N/A",32790300,"b8998999",NULL,NULL
134,"sealant",7641,"2024-10-08","N/A",892461,"b9172296",NULL,NULL
135,"brake pads",1814,"2024-10-08","unknown",892461,"b9172296",NULL,NULL
142,"chain",1041,"2024-11-08","\"NX\"",182209,"b13825986",NULL,NULL
143,"chainring",3296,"2024-11-08","unknown",182209,"b13825986",NULL,NULL
144,"sealant",4830,"2024-11-08","N/A",182209,"b13825986",NULL,NULL
145,"rear shock",903,"2024-11-11","unknown",32790300,"b8722228",NULL,NULL
146,"sealant",22929,"2024-11-11","N/A",32790300,"b8722228",NULL,NULL
148,"dropper",949,"2024-11-12","unknown",32790300,"b8722228",NULL,NULL
149,"brake pads",3296,"2024-11-17","unknown",182209,"b13825986",NULL,NULL
166,"brake pads",257,"2025-03-13","unknown",892461,"b15194529",NULL,NULL
167,"sealant",2204,"2025-03-22","N/A",32790300,"b8998999",NULL,NULL
168,"sealant",3070,"2025-03-22","N/A",32790300,"b8722228",NULL,NULL
169,"rear shock",555,"2025-03-26","unknown",100477881,"b10575939",NULL,NULL
170,"dropper",555,"2025-03-26","unknown",100477881,"b10575939",NULL,NULL
171,"bottom bracket",575,"2025-03-27","unknown",100477881,"b10575939",NULL,NULL
172,"rear shock",20,"2025-03-27","unknown",100477881,"b10575939",NULL,NULL
173,"bottom bracket",2240,"2025-03-27","unknown",32790300,"b10482015",NULL,NULL
174,"bottom bracket",2240,"2025-03-27","unknown",32790300,"b10482015",NULL,NULL
175,"bottom bracket",2240,"2025-03-27","unknown",32790300,"b10482015",NULL,NULL
176,"brake bleed",3202,"2025-04-18","N/A",32790300,"b8722228",NULL,NULL
177,"sealant",4585,"2025-05-16","N/A",892461,"b15194529",NULL,NULL
178,"tires",467,"2025-05-16","unknown",892461,"b15194529",NULL,NULL
179,"sealant",2183,"2025-06-25","N/A",32790300,"b8722228",NULL,NULL
180,"brake pads",523,"2025-06-28","unknown",892461,"b15194529",NULL,NULL
181,"brake pads",21,"2025-06-28","unknown",892461,"b5734928",NULL,NULL
182,"sealant",20638,"2025-06-28","N/A",892461,"b5734928",NULL,NULL
190,"sealant",2847,"2025-07-28","N/A",32790300,"b8998999","worn_out",NULL
191,"chain",27,"2025-08-14","\"\"",136246506,"b15698192","broke",NULL
192,"sealant",20634,"2025-08-27","N/A",36778899,"b10084455","worn_out",NULL
193,"brake bleed",1556,"2025-08-27","N/A",36778899,"b10084455","worn_out",NULL
194,"front fork",1042,"2025-09-11","unknown",32790300,"b8722228","worn_out",NULL
256,"brake pads",1785,"2025-11-27","unknown",36778899,"b10084455","worn_out","Mountain"
257,"brake bleed",1785,"2025-11-27","N/A",36778899,"b10084455","worn_out","Mountain"
258,"sealant",4079,"2025-12-15","N/A",32790300,"b8722228","worn_out","Mountain"
259,"brake pads",902,"2025-12-16","unknown",136246506,"b15698192","worn_out","Bike"
260,"brake bleed",902,"2025-12-16","N/A",136246506,"b15698192","worn_out","Bike"
261,"sealant",5753,"2026-01-16","N/A",892461,"b15194529","worn_out","Mountain"
262,"chain",1602,"2026-01-16","Sram X01",892461,"b15194529","worn_out","Mountain"
263,"tires",1135,"2026-01-16","unknown",892461,"b15194529","worn_out","Mountain"
264,"front fork",1677,"2026-02-14","unknown",892461,"b15194529","worn_out","Mountain"
265,"rear shock",1677,"2026-02-14","unknown",892461,"b15194529","worn_out","Mountain"
266,"chainring",1677,"2026-02-14","unknown",892461,"b15194529","worn_out","Mountain"
267,"bottom bracket",1677,"2026-02-14","unknown",892461,"b15194529","worn_out","Mountain"
268,"sealant",4359,"2026-02-27","N/A",36778899,"b10084455","worn_out","Mountain"
269,"front fork",1039,"2026-03-05","unknown",136246506,"b15698192","worn_out","Ebike"
270,"brake pads",1039,"2026-03-05","unknown",136246506,"b15698192","worn_out","Ebike"
271,"brake bleed",1039,"2026-03-05","N/A",136246506,"b15698192","worn_out","Ebike"
272,"sealant",4412,"2026-03-05","N/A",136246506,"b16007612","worn_out","Sexy Enduro"
273,"sealant",1966,"2026-03-08","N/A",32790300,"b8722228","worn_out","Mountain"
274,"sealant",4558,"2026-03-08","N/A",141005730,"b16589690","worn_out","Bike"
275,"front fork",95,"2026-03-11","unknown",71558228,"b17061172","worn_out","Bike"
276,"sealant",0,"2026-03-11","unknown",71558228,"b17061172","worn_out","Bike"
277,"sealant",0,"2026-03-11","unknown",71558228,"b17061172","worn_out","Bike"
278,"front fork",0,"2026-03-11","unknown",71558228,"b17061172","worn_out","Bike"
279,"front fork",139,"2026-03-12","unknown",71558228,"b16795705","worn_out","Bike"
280,"sealant",0,"2026-03-12","unknown",71558228,"b17061172","worn_out","Bike"
281,"front fork",0,"2026-03-12","unknown",71558228,"b16795705","worn_out","Bike"
282,"sealant",27,"2026-03-12","unknown",36778899,"b10084455","worn_out","Bike"
283,"front fork",0,"2026-03-12","unknown",71558228,"b16795705","worn_out","Bike"
284,"chain",95,"2026-03-12","unknown",71558228,"b17061172","broke","Bike"
285,"chain",0,"2026-03-12","unknown",71558228,"b17061172","worn_out","Bike"
286,"bottom bracket",95,"2026-03-12","unknown",71558228,"b17061172","worn_out","Bike"
287,"front fork",0,"2026-03-12","unknown",71558228,"b16795705","worn_out","Bike"
288,"sealant",5315,"2026-03-13","unknown",32790300,"b16333634","worn_out","Bike"
289,"sealant",5648,"2026-03-21","N/A",32790300,"b8998999","worn_out","Mountain"
290,"tires",1039,"2026-03-21","unknown",136246506,"b15698192","worn_out","Ebike"
291,"chain",1102,"2026-04-23","unknown",136246506,"b15698192","worn_out","Ebike"
292,"cassette",1102,"2026-04-23","unknown",136246506,"b15698192","worn_out","Ebike"
293,"rear shock",1102,"2026-04-23","unknown",136246506,"b15698192","worn_out","Ebike"
