id,"bike_brand_and_model","strava_bike_id","strava_bike_name",strava_user_id,chain_used_miles,"new_chain_date",new_chain_mile_marker,cassette_used_miles,"new_cassette_date",new_cassette_mile_marker,front_fork_used_miles,front_fork_mile_marker,"front_fork_service_date",rear_shock_used_miles,rear_shock_mile_marker,"rear_shock_service_date",chain_ring_used_miles,new_chain_ring_mile_marker,"new_chain_ring_date",bottom_bracket_used_miles,"new_bottom_bracket_date",new_bottom_bracket_mile_marker,sealant_used_hours,"sealant_refresh_date",brake_bleed_used_miles,"brake_bleed_date",brake_bleed_mile_marker,brake_pads_used_miles,"new_brake_pads_date",new_brake_pads_mile_marker,brake_rotors_used_miles,"new_brake_rotors_date",new_brake_rotors_mile_marker,tires_used_miles,"new_tires_date",new_tires_mile_marker,total_miles,dropper_used_miles,"dropper_service_date",dropper_mile_marker,sealant_hour_marker,AXS_hour_marker,AXS_show,"AXS_recharge_date",AXS_used_hours,front_fork_PSI,front_fork_REB_click,"front_fork_REB_dir",front_fork_SAG,rear_shock_PSI,rear_shock_REB_click,"rear_shock_REB_dir",rear_shock_SAG,rear_suspension_show,front_fork_show,dropper_show,sealant_show,brake_pads_show,brake_bleed_show,brake_rotors_show,"bike_type"
11,"Scott Spark","b5734928","Spark Plus",892461,108,"2022-01-13",5533,108,"2022-01-13",5533,5641,0,"2022-01-13",5641,0,"2022-01-13",108,5533,"2022-01-13",108,"2022-01-13",5533,662,"2026-03-08",108,"2022-01-13",5533,87,"2025-06-28",5554,108,"2022-01-13",5533,108,"2022-01-13",5533,5641,108,"2022-04-16",5533,492483,27394927,1,NULL,0,0,0,"none",0,0,0,"none",0,1,1,1,1,1,1,1,"Mountain"
12,"Specialized Roubaix","b7452464","Specialized Roubaix",892461,4285,"2022-01-26",1200,4729,NULL,756,0,0,NULL,0,0,NULL,4729,756,NULL,4729,NULL,756,0,NULL,0,"2022-01-13",0,4285,"2022-01-26",1200,0,NULL,756,4729,NULL,756,5485,0,NULL,0,456582,27394927,1,NULL,0,0,0,"none",0,0,0,"none",0,0,0,0,0,1,0,0,"Road"
17,NULL,"111","Jolly Bike",999,0,NULL,100,0,NULL,100,0,0,NULL,0,0,NULL,0,100,NULL,0,NULL,100,0,NULL,0,NULL,100,0,NULL,100,0,NULL,100,0,NULL,100,100,0,NULL,0,456582,27394927,1,NULL,0,0,0,"none",0,0,0,"none",0,1,1,1,1,1,NULL,NULL,"Bike"
39,"Scott Spark RC 900 Team","b10084455","Sparky",36778899,2451,"2021-12-04",0,2451,"2021-12-04",0,2451,0,"2023-04-19",2451,0,"2023-04-19",2451,0,"2021-12-04",2451,"2023-04-19",0,493733,"2026-03-12",666,"2025-11-27",1785,666,"2025-11-27",1785,2451,"2021-12-04",0,2451,"2022-03-05",0,2451,2451,NULL,0,0,27394927,1,NULL,0,0,0,"none",0,0,0,"none",0,1,1,1,1,1,1,1,"Mountain"
90,NULL,"b10089506","Ellen",32607938,27,NULL,0,27,NULL,0,27,0,NULL,27,0,NULL,27,0,NULL,27,NULL,0,29821,NULL,27,NULL,0,27,NULL,0,27,NULL,0,27,NULL,0,27,27,NULL,0,456582,27394927,1,NULL,0,0,0,"none",0,0,0,"none",0,1,1,1,1,1,NULL,NULL,"Bike"
172,NULL,"b8604913","Spursquatch (TR Spur)",11177429,493,"2023-07-11",3587,493,"2023-07-11",3587,493,3587,"2023-07-11",493,3587,"2023-07-11",493,3587,"2023-07-11",493,"2023-07-11",3587,9952,"2023-07-11",493,"2023-07-11",3587,493,"2023-07-11",3587,493,"2023-07-11",3587,493,"2023-07-11",3587,4080,463,"2023-07-26",3617,469196,27394927,1,NULL,0,0,0,"none",0,0,0,"none",0,1,1,1,1,1,NULL,NULL,"Bike"
174,NULL,"b4550956","2017 Scott Speedster Gravel 20 disc",14298849,214,"2022-02-28",-76,914,"2022-02-28",-776,14,124,"2022-02-28",14,124,"2022-02-28",1514,-1376,"2022-02-28",3014,"2022-02-28",-2876,1300,NULL,14,"2022-02-28",124,264,"2022-02-28",-126,14,"2022-02-28",124,2014,"2022-02-28",-1876,138,14,"2022-02-28",124,457240,27394927,1,NULL,0,0,0,"none",0,0,0,"none",0,1,1,1,1,1,NULL,NULL,"Bike"
175,"Scott Contessa Spark 900 RC","b4550951","Scott Spark 900 RC (Teal)",14298849,3976,"2022-03-04",3249,3976,"2022-03-04",3249,3976,3249,NULL,3976,3249,NULL,3976,3249,NULL,3976,NULL,3249,35842,"2022-03-26",0,NULL,3249,3976,NULL,3249,0,NULL,3249,3976,NULL,3249,7225,3976,"2022-03-04",3249,457850,27394927,1,NULL,0,0,0,"none",0,0,0,"none",0,1,1,1,1,1,NULL,NULL,"Bike"
176,NULL,"b4550947","Scott Spark 700 RC",14298849,54,NULL,505,54,NULL,505,54,505,NULL,54,505,NULL,54,505,NULL,54,NULL,505,1375,NULL,54,NULL,505,54,NULL,505,54,NULL,505,54,NULL,505,559,559,NULL,0,457243,27394927,1,NULL,0,0,0,"none",0,0,0,"none",0,1,1,1,1,1,NULL,NULL,"Bike"
177,NULL,"b4550957","Scott Speedster 20",14298849,0,NULL,256,0,NULL,256,0,256,NULL,0,256,NULL,0,256,NULL,0,NULL,256,0,NULL,0,NULL,256,0,NULL,256,0,NULL,256,0,NULL,256,256,0,NULL,0,457243,27394927,1,NULL,0,0,0,"none",0,0,0,"none",0,1,1,1,1,1,NULL,NULL,"Bike"
178,NULL,"b4550952","Scott Spark 720 Plus",14298849,0,NULL,128,0,NULL,128,0,128,NULL,0,128,NULL,0,128,NULL,0,NULL,128,0,NULL,0,NULL,128,0,NULL,128,0,NULL,128,0,NULL,128,128,0,NULL,0,457243,27394927,1,NULL,0,0,0,"none",0,0,0,"none",0,1,1,1,1,1,NULL,NULL,"Bike"
182,"Scott Ransom 900 Tuned AXS","b8998999","Renai",32790300,1237,"2024-10-15",0,1237,NULL,0,736,501,"2022-03-24",736,501,"2022-03-24",1237,0,NULL,1237,NULL,0,21,"2026-03-21",1237,NULL,0,536,"2022-04-06",701,1237,NULL,0,1237,NULL,0,1237,1237,NULL,0,492794,27394927,1,NULL,0,100,2,"fast",20,150,0,"Center",20,1,1,1,1,1,1,1,"Mountain"
190,"Santa Cruz Blur","b8722228","Sandy",32790300,496,"2024-10-15",0,496,"2022-08-01",0,496,0,"2025-09-11",496,0,"2024-11-11",496,0,"2022-08-01",496,"2022-08-01",0,349,"2026-03-08",496,"2025-04-18",0,496,"2022-08-01",0,496,"2022-08-01",0,496,"2022-08-01",0,496,496,"2024-11-12",0,492481,27394927,1,NULL,0,100,3,"fast",25,0,0,"none",0,1,1,1,1,1,1,1,"Mountain"
192,"Specialized Allez","b10482015","Allez",32790300,371,"2025-03-03",0,371,"2025-03-03",0,0,0,NULL,0,0,NULL,371,0,"2025-03-03",371,"2025-03-03",0,0,"2022-03-26",0,"2025-03-03",0,371,"2025-03-03",0,0,"2025-03-03",0,371,"2025-04-11",0,371,0,NULL,0,457866,27394927,1,NULL,0,100,3,"Slow",25,100,3,"Slow",30,0,0,0,0,1,0,0,"Road"
210,"Scott Spark Plus","b10629518","Plus",13839777,10825,NULL,0,10825,NULL,0,10825,0,NULL,10825,0,NULL,10825,0,NULL,10825,NULL,0,35657,NULL,0,NULL,0,10825,NULL,0,0,NULL,0,10825,NULL,0,10825,10825,NULL,0,458019,27394927,1,NULL,0,0,0,"none",0,0,0,"none",0,1,1,1,1,1,NULL,NULL,"Bike"
211,NULL,"b10629520","Sl ",13839777,0,NULL,0,0,NULL,0,0,0,NULL,0,0,NULL,0,0,NULL,0,NULL,0,0,NULL,0,NULL,0,0,NULL,0,0,NULL,0,0,NULL,0,0,0,NULL,0,458019,27394927,1,NULL,0,0,0,"none",0,0,0,"none",0,1,1,1,1,1,NULL,NULL,"Bike"
214,NULL,"b10439181","chanes chane",43375314,0,"2023-03-03",481,0,"2023-03-03",481,0,481,"2023-03-03",0,481,"2023-03-03",0,481,"2023-03-03",0,"2023-03-03",481,844,"2023-01-16",0,"2023-03-03",481,0,"2023-03-03",481,0,"2023-03-03",481,0,"2023-03-03",481,481,0,"2023-03-03",481,464970,27394927,1,NULL,0,65,5,"Center",5,120,0,"center",0,1,1,1,1,1,NULL,NULL,"Bike"
215,"Scott Contessa Speedster 10","b10438086","Tessa",36778899,734,NULL,0,734,NULL,0,734,0,NULL,734,0,NULL,734,0,NULL,734,NULL,0,31462,NULL,734,NULL,0,734,NULL,0,734,NULL,0,734,NULL,0,734,734,NULL,0,458283,27394927,1,NULL,0,0,0,"none",0,0,0,"none",0,0,0,0,0,1,1,1,"Gravel"
216,NULL,"b10337705","Yeti ",95095503,471,"2022-08-12",184,471,"2022-08-12",184,471,184,"2022-08-12",579,76,NULL,471,184,"2022-08-12",471,"2022-08-12",184,16417,"2022-08-12",471,"2022-08-12",184,729,"2022-04-14",-74,579,NULL,76,639,"2022-04-22",16,655,655,NULL,0,461187,27394927,1,NULL,0,100,12,"Slow",30,0,0,"none",0,1,1,1,1,1,NULL,NULL,"Bike"
218,"Santa Cruz Heckler CC","b10684118","Heckler",97309547,276,NULL,0,276,NULL,0,276,0,NULL,276,0,NULL,276,0,NULL,276,NULL,0,34525,NULL,0,NULL,0,276,NULL,0,0,NULL,0,276,NULL,0,276,276,NULL,0,458412,27394927,1,NULL,0,0,0,"none",0,0,0,"none",0,1,1,1,1,1,NULL,NULL,"Bike"
239,NULL,"b10993652","Chonker",11177429,221,NULL,0,221,NULL,0,221,0,NULL,221,0,NULL,221,0,NULL,221,NULL,0,8541,NULL,221,NULL,0,221,NULL,0,221,NULL,0,221,NULL,0,221,221,NULL,0,459831,27394927,1,NULL,0,0,0,"none",0,0,0,"none",0,1,1,1,1,1,NULL,NULL,"Bike"
257,NULL,"b11068931","mtb",89554518,1893,NULL,0,1893,NULL,0,1893,0,NULL,1893,0,NULL,1893,0,NULL,1893,NULL,0,14380,NULL,1893,NULL,0,1893,NULL,0,1893,NULL,0,1893,NULL,0,1893,1893,NULL,0,460005,27394927,1,NULL,0,0,0,"none",0,0,0,"none",0,1,1,1,1,1,NULL,NULL,"Bike"
267,NULL,"b11169479","Genius ",91084926,480,"2022-11-12",338,480,"2022-11-06",338,818,0,"2022-07-14",818,0,"2022-07-14",440,378,"2022-12-25",818,"2022-07-14",0,11344,"2023-06-15",818,"2022-07-14",0,818,"2022-07-14",0,818,"2022-07-14",0,818,"2022-07-14",0,818,818,"2022-07-14",0,468553,27394927,1,NULL,0,0,0,"none",0,0,0,"none",0,1,1,1,1,1,NULL,NULL,"Bike"
269,"Santa Cruz 2022 Megatower","b11201100","Mega Sled ",21956011,1520,"2023-07-03",1023,1229,"2023-08-08",1314,1229,1314,"2023-08-04",2543,0,NULL,2543,0,NULL,2543,NULL,0,23862,"2023-08-08",0,"2023-07-06",1027,2543,NULL,0,0,"2023-04-28",685,2543,NULL,0,2543,2543,NULL,0,469866,27394927,1,NULL,0,0,0,"none",0,0,0,"none",0,1,1,1,1,1,NULL,NULL,"Bike"
271,"Santa Cruz Highball","b11340096","My ride ",103883118,1458,NULL,0,1458,NULL,0,94,1364,"2023-09-21",0,0,NULL,1458,0,NULL,1458,NULL,0,27892,NULL,1165,"2022-10-01",293,147,"2023-06-21",1311,1165,"2022-10-01",293,1458,NULL,0,1458,147,"2023-06-21",1311,461225,27394927,1,NULL,0,0,0,"none",0,0,0,"none",0,0,1,1,1,1,NULL,NULL,"Bike"
273,NULL,"b11164107","Buckin Bronco",95938847,0,NULL,0,0,NULL,0,0,0,NULL,0,0,NULL,0,0,NULL,0,NULL,0,0,NULL,0,NULL,0,0,NULL,0,0,NULL,0,0,NULL,0,0,0,NULL,0,461683,27394927,1,NULL,0,0,0,"none",0,0,0,"none",0,1,1,1,1,1,NULL,NULL,"Bike"
274,NULL,"b10445201","Santa Cruz Blur",63141495,164,NULL,133,164,NULL,133,164,133,NULL,164,133,NULL,164,133,NULL,164,NULL,133,14712,NULL,164,NULL,133,164,NULL,133,164,NULL,133,164,NULL,133,297,297,NULL,0,461801,27394927,1,NULL,0,0,0,"none",0,0,0,"none",0,1,1,1,1,1,NULL,NULL,"Bike"
275,NULL,"b9715469","Specialized Enduro",63141495,188,NULL,244,188,NULL,244,188,244,NULL,188,244,NULL,188,244,NULL,188,NULL,244,14879,NULL,188,NULL,244,188,NULL,244,188,NULL,244,188,NULL,244,432,432,NULL,0,461801,27394927,1,NULL,0,0,0,"none",0,0,0,"none",0,1,1,1,1,1,NULL,NULL,"Bike"
276,NULL,"b11069440","road",89554518,110,NULL,0,110,NULL,0,110,0,NULL,110,0,NULL,110,0,NULL,110,NULL,0,840,NULL,110,NULL,0,110,NULL,0,110,NULL,0,110,NULL,0,110,110,NULL,0,462192,27394927,1,NULL,0,0,0,"none",0,0,0,"none",0,1,1,1,1,1,NULL,NULL,"Bike"
277,"Santa Cruz Megatower ","b11623695","Mega",40573190,415,"2023-11-02",620,1035,NULL,0,1035,0,NULL,1035,0,NULL,1035,0,NULL,1035,NULL,0,18599,"2023-06-16",1035,NULL,0,1035,NULL,0,1035,NULL,0,1035,NULL,0,1035,1035,NULL,0,468579,27394927,1,NULL,0,0,0,"none",0,0,0,"none",0,1,1,1,1,1,NULL,NULL,"Bike"
278,"Default Zero Default Zero","b9368379","Default Zero",18365979,0,NULL,0,0,NULL,0,0,0,NULL,0,0,NULL,0,0,NULL,0,NULL,0,27380,NULL,0,NULL,0,0,NULL,0,0,NULL,0,0,NULL,0,0,0,NULL,0,466379,27394927,1,NULL,0,0,0,"none",0,0,0,"none",0,1,1,1,1,1,NULL,NULL,"Bike"
279,"Giant SCR 1","b6381527","Giant SCR 1: 1st road bike",18365979,3547,NULL,7872,3547,NULL,7872,3547,7872,NULL,3547,7872,NULL,3547,7872,NULL,3547,NULL,7872,25713,NULL,0,NULL,7872,3547,NULL,7872,0,NULL,7872,3547,NULL,7872,11419,11419,NULL,0,466379,27394927,1,NULL,0,0,0,"none",0,0,0,"none",0,1,1,1,1,1,NULL,NULL,"Bike"
280,"Jamis Trail x4","b4071116","Jamis Trail X4: 1st mountain bike",18365979,14591,NULL,16824,14591,NULL,16824,14591,16824,NULL,14591,16824,NULL,14591,16824,NULL,14591,NULL,16824,27380,NULL,0,NULL,16824,14591,NULL,16824,0,NULL,16824,14591,NULL,16824,31415,31415,NULL,0,466379,27394927,1,NULL,0,0,0,"none",0,0,0,"none",0,1,1,1,1,1,NULL,NULL,"Bike"
281,"Quintana Roo dulce","b11555973","Roo ",36778899,1862,NULL,-1637,1862,NULL,-1637,1862,-1637,NULL,1862,-1637,NULL,1862,-1637,NULL,1862,NULL,-1637,25739,NULL,1862,NULL,-1637,1862,NULL,-1637,1862,NULL,-1637,1862,NULL,-1637,225,1862,NULL,-1637,467907,27394927,1,NULL,0,0,0,"none",0,0,0,"none",0,0,0,0,0,0,0,0,"Triathlon bike"
283,NULL,"b12790506","SB 115",95095503,182,NULL,0,182,NULL,0,182,0,NULL,182,0,NULL,182,0,NULL,182,NULL,0,1351,NULL,182,NULL,0,182,NULL,0,182,NULL,0,182,NULL,0,182,182,NULL,0,469171,27394927,1,NULL,0,0,0,"none",0,0,0,"none",0,1,1,1,1,1,NULL,NULL,"Bike"
284,NULL,"b13174897","SB 120",95095503,291,NULL,0,291,NULL,0,291,0,NULL,291,0,NULL,291,0,NULL,291,NULL,0,14349,NULL,291,NULL,0,291,NULL,0,291,NULL,0,291,NULL,0,291,291,NULL,0,470570,27394927,1,NULL,0,0,0,"none",0,0,0,"none",0,1,1,1,1,1,NULL,NULL,"Bike"
285,NULL,"b13216165","Landon’s blur",95095503,346,NULL,0,346,NULL,0,346,0,NULL,346,0,NULL,346,0,NULL,346,NULL,0,15985,NULL,346,NULL,0,346,NULL,0,346,NULL,0,346,NULL,0,346,346,NULL,0,470739,27394927,1,NULL,0,0,0,"none",0,0,0,"none",0,1,1,1,1,1,NULL,NULL,"Bike"
287,NULL,"b14038051","Allez ",892461,103,NULL,0,103,NULL,0,103,0,NULL,103,0,NULL,103,0,NULL,103,NULL,0,2724,NULL,103,NULL,0,103,NULL,0,103,NULL,0,103,NULL,0,103,103,NULL,0,475466,27394927,1,NULL,0,0,0,"none",0,0,0,"none",0,0,0,0,0,1,0,0,"Road"
288,"BLACKHEART Glorp","b13825986","SCUM BUCKET",182209,3146,"2024-11-08",3976,4187,"2024-07-27",2935,0,680,NULL,0,680,NULL,3146,3976,"2024-11-08",6442,NULL,680,6192,"2024-11-08",6442,NULL,680,3146,"2024-11-17",3976,6442,NULL,680,6442,NULL,680,7122,0,NULL,0,480848,27394927,1,NULL,0,0,0,"none",0,0,0,"none",0,0,0,0,1,1,NULL,NULL,"Bike"
289,NULL,"b13494756","TR Relay",11177429,629,NULL,0,629,NULL,0,629,0,NULL,629,0,NULL,629,0,NULL,629,NULL,0,2529,NULL,629,NULL,0,629,NULL,0,629,NULL,0,629,NULL,0,629,629,NULL,0,477075,27394927,1,NULL,0,0,0,"none",0,0,0,"none",0,1,1,1,1,1,NULL,NULL,"Bike"
290,"Trek 9.8","b15194529","SuperCal",892461,254,"2026-01-16",1602,1856,NULL,0,179,1677,"2026-02-14",179,1677,"2026-02-14",179,1677,"2026-02-14",179,"2026-02-14",1677,2377,"2026-01-16",1856,NULL,0,1076,"2025-06-28",780,1856,NULL,0,254,"2026-01-16",1602,1856,1856,NULL,0,491273,27394927,1,NULL,0,0,0,"none",0,0,0,"none",0,1,1,1,1,1,1,1,"Mountain"
297,"Santa Cruz Blur","b9172296","Santa Cruz Blur",892461,9379,NULL,0,9379,NULL,0,9379,0,NULL,9379,0,NULL,9379,0,NULL,9379,NULL,0,5566,NULL,9379,NULL,0,9379,NULL,0,9379,NULL,0,9379,NULL,0,9379,9379,NULL,0,482115,27394927,1,NULL,0,0,0,"none",0,0,0,"none",0,1,1,1,1,1,1,1,"Mountain"
321,NULL,"b4680532","Carbine",23159976,0,NULL,1368,0,NULL,1368,0,1368,NULL,0,1368,NULL,0,1368,NULL,0,NULL,1368,0,NULL,0,NULL,1368,0,NULL,1368,0,NULL,1368,0,NULL,1368,1368,0,NULL,0,483330,27394927,1,NULL,0,0,0,"none",0,0,0,"none",0,1,1,1,1,1,NULL,NULL,"Bike"
322,NULL,"b13116942","Turbo Levo",23159976,0,NULL,141,0,NULL,141,0,141,NULL,0,141,NULL,0,141,NULL,0,NULL,141,0,NULL,0,NULL,141,0,NULL,141,0,NULL,141,0,NULL,141,141,0,NULL,0,483330,27394927,1,NULL,0,0,0,"none",0,0,0,"none",0,1,1,1,1,1,NULL,NULL,"Bike"
323,NULL,"b8918764","Sniper",23159976,3,NULL,381,3,NULL,381,3,381,NULL,3,381,NULL,3,381,NULL,3,NULL,381,1275,NULL,3,NULL,381,3,NULL,381,3,NULL,381,3,NULL,381,384,384,NULL,0,483330,27394927,1,NULL,0,0,0,"none",0,0,0,"none",0,1,1,1,1,1,NULL,NULL,"Bike"
333,"Specialized Stump Jumper","b16333634","Stumpy",32790300,201,"2025-09-23",-162,201,"2025-09-23",-162,201,-162,"2025-09-23",201,-162,"2025-11-27",2412,-2373,"2025-09-23",201,"2025-09-23",-162,0,"2026-03-13",201,"2025-09-23",-162,812,"2025-09-23",-773,3212,"2025-09-23",-3173,201,"2025-09-23",-162,39,201,"2025-09-23",-162,492600,27394927,1,NULL,0,0,0,"none",0,0,0,"none",0,1,1,1,1,1,1,1,"eBike"
334,"Scott Aspect","b15847672","Aspect",62423760,166,NULL,546,166,NULL,546,166,546,NULL,0,546,NULL,166,546,NULL,166,NULL,546,0,NULL,0,NULL,546,166,NULL,546,0,NULL,546,166,NULL,546,712,0,NULL,0,486926,27394927,1,NULL,0,0,0,"none",0,0,0,"none",0,0,1,0,0,1,NULL,NULL,"Bike"
335,"Trek Rail","b16464922","Rail",6177974,59,"2025-09-17",0,59,"2025-09-17",0,59,0,NULL,59,0,NULL,59,0,"2025-09-17",59,NULL,0,5783,NULL,0,NULL,0,59,NULL,0,0,NULL,0,59,NULL,0,59,59,NULL,0,486939,27394927,1,NULL,0,0,0,"none",0,0,0,"none",0,1,1,1,1,1,NULL,NULL,"Bike"
336,"Trek Superfly","b16464919","Superfly",6177974,358,NULL,0,358,NULL,0,358,0,NULL,358,0,NULL,358,0,NULL,358,NULL,0,6767,NULL,0,NULL,0,358,NULL,0,0,NULL,0,358,NULL,0,358,358,NULL,0,486939,27394927,1,NULL,0,0,0,"none",0,0,0,"none",0,1,1,1,1,1,NULL,NULL,"Bike"
341,"Van Dessel Arch 65","b16493195","Slippery Seal",182209,1500,NULL,0,1500,NULL,0,1500,0,NULL,1500,0,NULL,1500,0,NULL,1500,NULL,0,909,NULL,1500,NULL,0,1500,NULL,0,1500,NULL,0,1500,NULL,0,1500,1500,NULL,0,487138,27394927,1,NULL,0,0,0,"none",0,0,0,"none",0,1,1,1,1,1,NULL,NULL,"Bike"
342,"Specialized Diverge Como","b16518448","Diverge",18031738,75,NULL,0,75,NULL,0,75,0,NULL,75,0,NULL,75,0,NULL,75,NULL,0,2861,NULL,0,NULL,0,75,NULL,0,0,NULL,0,75,NULL,0,75,75,NULL,0,487141,27394927,1,NULL,0,0,0,"none",0,0,0,"none",0,1,1,1,1,1,NULL,NULL,"Bike"
343,"Ibis Ripmo","b16518377","Ripmo",18031738,235,NULL,0,235,NULL,0,235,0,NULL,235,0,NULL,235,0,NULL,235,NULL,0,6470,NULL,0,NULL,0,235,NULL,0,0,NULL,0,235,NULL,0,235,235,NULL,0,487141,27394927,1,NULL,0,0,0,"none",0,0,0,"none",0,1,1,1,1,1,NULL,NULL,"Bike"
344,"Transition Trans Am","b16518443","Trans Am",18031738,10,NULL,0,10,NULL,0,10,0,NULL,10,0,NULL,10,0,NULL,10,NULL,0,688,NULL,10,NULL,0,10,NULL,0,10,NULL,0,10,NULL,0,10,10,NULL,0,487141,27394927,1,NULL,0,0,0,"none",0,0,0,"none",0,1,1,1,1,1,NULL,NULL,"Bike"
353,"Trek Fuel Ex","b16589690","Carby",141005730,416,NULL,0,416,NULL,0,416,0,NULL,416,0,NULL,416,0,NULL,416,NULL,0,1035,"2026-03-08",0,NULL,0,416,NULL,0,0,NULL,0,416,NULL,0,416,416,NULL,0,492503,27394927,1,NULL,0,0,0,"none",0,0,0,"none",0,1,1,1,1,1,NULL,NULL,"Bike"
354,"Scott Spark","b14801830","Red one",141005730,0,NULL,867,0,NULL,867,0,867,NULL,0,867,NULL,0,867,NULL,0,NULL,867,376,NULL,0,NULL,867,0,NULL,867,0,NULL,867,0,NULL,867,867,867,NULL,0,487394,27394927,1,NULL,0,0,0,"none",0,0,0,"none",0,1,1,1,1,1,NULL,NULL,"Bike"
355,"YT Decoy","b15698192","Lord Vader",136246506,9,"2026-04-23",1074,9,"2026-04-23",1074,72,1011,"2026-03-05",9,1074,"2026-04-23",1111,-28,NULL,1111,NULL,-28,0,NULL,72,"2026-03-05",1011,72,"2026-03-05",1011,1111,NULL,-28,72,"2026-03-21",1011,1083,0,NULL,-28,487395,27394927,1,NULL,0,0,0,"none",0,0,0,"none",0,1,1,0,0,1,1,1,"Ebike"
356,"Marin Alcatraz 2","b15697709","Lolita",136246506,5,NULL,15,5,NULL,15,5,15,NULL,5,15,NULL,5,15,NULL,5,NULL,15,3716,NULL,0,NULL,15,5,NULL,15,0,NULL,15,5,NULL,15,20,20,NULL,0,487395,27394927,1,NULL,0,0,0,"none",0,0,0,"none",0,0,1,0,0,1,0,0,"DJ/Pumper"
357,"YT Capra","b16007612","Cappy",136246506,126,NULL,26,108,NULL,44,98,54,"2025-11-07",126,26,NULL,598,-446,NULL,598,NULL,-446,1079,"2026-03-05",98,"2025-11-07",54,198,NULL,-46,598,NULL,-446,198,NULL,-46,152,118,NULL,34,492431,27394927,1,NULL,0,0,0,"none",0,0,0,"none",0,1,1,1,1,1,1,1,"Sexy Enduro"
358,"Santa Cruz Hightower","b7532903","Sriracha",740103,389,NULL,4640,389,NULL,4640,389,4640,NULL,389,4640,NULL,389,4640,NULL,389,NULL,4640,6246,NULL,0,NULL,4640,389,NULL,4640,0,NULL,4640,389,NULL,4640,5029,5029,NULL,0,487434,27394927,1,NULL,0,0,0,"none",0,0,0,"none",0,1,1,1,1,1,NULL,NULL,"Bike"
360,"Canyon Spectral ON","b15712906","Trixie",143775090,926,NULL,0,926,NULL,0,926,0,NULL,926,0,NULL,926,0,NULL,926,NULL,0,6185,NULL,926,NULL,0,926,NULL,0,926,NULL,0,926,NULL,0,926,926,NULL,0,487491,27394927,1,NULL,0,0,0,"none",0,0,0,"none",0,1,1,1,1,1,1,1,"Ebike"
361,"Kona Shonky","b16207197","Cleo",143775090,6,NULL,0,6,NULL,0,6,0,NULL,6,0,NULL,6,0,NULL,6,NULL,0,2108,NULL,6,NULL,0,6,NULL,0,6,NULL,0,6,NULL,0,6,6,NULL,0,487491,27394927,1,NULL,0,0,0,"none",0,0,0,"none",0,0,0,0,0,0,0,0,"Dirt Jumper"
362,"Niner WFO 9 RDO","b16463795","Gertie ",143775090,72,NULL,0,72,NULL,0,72,0,NULL,72,0,NULL,72,0,NULL,72,NULL,0,5009,NULL,72,NULL,0,72,NULL,0,72,NULL,0,72,NULL,0,72,72,NULL,0,487491,27394927,1,NULL,0,0,0,"none",0,0,0,"none",0,1,1,1,1,1,1,1,"Mountain"
363,"S-works Epic World Cup","b16618122","sassy",159330169,0,NULL,0,0,NULL,0,0,0,NULL,0,0,NULL,0,0,NULL,0,NULL,0,1582,NULL,0,NULL,0,0,NULL,0,0,NULL,0,0,NULL,0,0,0,NULL,0,487491,27394927,1,NULL,0,0,0,"none",0,0,0,"none",0,1,1,1,1,1,NULL,NULL,"Bike"
365,"Specialized Stumpjumper","b16324803","Red",32607938,43,NULL,0,43,NULL,0,43,0,NULL,43,0,NULL,43,0,NULL,43,NULL,0,3118,NULL,0,NULL,0,43,NULL,0,0,NULL,0,43,NULL,0,43,43,NULL,0,487851,27394927,1,NULL,0,0,0,"none",0,0,0,"none",0,1,1,1,1,1,NULL,NULL,"Bike"
442,"Specialized Stumpjumper","b15270283","Stump humper ",45639457,8,NULL,197,8,NULL,197,8,197,NULL,8,197,NULL,8,197,NULL,8,NULL,197,1397,NULL,0,NULL,197,8,NULL,197,0,NULL,197,8,NULL,197,205,205,NULL,0,488466,27394927,1,NULL,0,0,0,"none",0,0,0,"none",0,1,1,1,1,1,NULL,NULL,"Bike"
447,"Specialized Diverge","b16991334","Road bike",152416172,1940,NULL,0,1940,NULL,0,1940,0,NULL,1940,0,NULL,1940,0,NULL,1940,NULL,0,4598,NULL,1940,NULL,0,1940,NULL,0,1940,NULL,0,1940,NULL,0,1940,1940,NULL,0,489147,27394927,1,NULL,0,0,0,"none",0,0,0,"none",0,1,1,1,1,1,1,1,"Bike"
448,"Julianna Wilder","b16991333","Mountain Bike",152416172,0,NULL,0,0,NULL,0,0,0,NULL,0,0,NULL,0,0,NULL,0,NULL,0,0,NULL,0,NULL,0,0,NULL,0,0,NULL,0,0,NULL,0,0,0,NULL,0,489147,27394927,1,NULL,0,0,0,"none",0,0,0,"none",0,1,1,1,1,1,1,1,"Bike"
504,"Cervelo S5","b16841624","Cervelo",40573190,300,NULL,0,300,NULL,0,300,0,NULL,300,0,NULL,300,0,NULL,300,NULL,0,3502,NULL,300,NULL,0,300,NULL,0,300,NULL,0,300,NULL,0,300,300,NULL,0,489813,27394927,1,NULL,0,0,0,"none",0,0,0,"none",0,1,1,1,1,1,1,1,"Bike"
506,"Sun Bicycles FlatTop","b16578682","Unicycle",62423760,4,NULL,0,4,NULL,0,4,0,NULL,4,0,NULL,4,0,NULL,4,NULL,0,-1,NULL,4,NULL,0,4,NULL,0,4,NULL,0,4,NULL,0,4,4,NULL,0,490630,27394927,1,NULL,0,0,0,"none",0,0,0,"none",0,1,1,1,1,1,1,1,"Bike"
507,"Trek Supercaliber","b17252000","Cal",198743861,1622,NULL,-1602,1622,NULL,-1602,1622,-1602,NULL,1622,-1602,NULL,1622,-1602,NULL,1622,NULL,-1602,955,NULL,1622,NULL,-1602,1622,NULL,-1602,1622,NULL,-1602,1622,NULL,-1602,20,1622,NULL,-1602,490853,27394927,1,NULL,0,0,0,"none",0,0,0,"none",0,1,1,1,1,1,1,1,"Mountain"
508,"hybrid trainer Schwinn","b17284518","Trainer Bike",33604137,0,NULL,0,0,NULL,0,0,0,NULL,0,0,NULL,0,0,NULL,0,NULL,0,0,NULL,0,NULL,0,0,NULL,0,0,NULL,0,0,NULL,0,0,0,NULL,0,491019,27394927,1,NULL,0,0,0,"none",0,0,0,"none",0,0,0,0,0,0,0,0,"Trainer hybrid"
509,"Scott Spark 320 plus","b17284513","Yellow Scott",33604137,0,NULL,0,0,NULL,0,0,0,NULL,0,0,NULL,0,0,NULL,0,NULL,0,0,NULL,0,NULL,0,0,NULL,0,0,NULL,0,0,NULL,0,0,0,NULL,0,491019,27394927,1,NULL,0,0,0,"none",0,0,0,"none",0,1,1,1,1,1,1,1,"Mountain"
510,"Trek Fuel Ex","b17284504","Trek Blue",33604137,0,NULL,0,0,NULL,0,0,0,NULL,0,0,NULL,0,0,NULL,0,NULL,0,0,NULL,0,NULL,0,0,NULL,0,0,NULL,0,0,NULL,0,0,0,NULL,0,491019,27394927,1,NULL,0,0,0,"none",0,0,0,"none",0,1,1,1,1,1,1,1,"Mountain"
511,"Giant Anthem","b16973782","Full Fox ",66803854,0,NULL,0,0,NULL,0,0,0,NULL,0,0,NULL,0,0,NULL,0,NULL,0,0,NULL,0,NULL,0,0,NULL,0,0,NULL,0,0,NULL,0,0,0,NULL,0,491034,27394927,1,NULL,0,0,0,"none",0,0,0,"none",0,1,1,1,1,1,1,1,"Mountain"
512,"Kelson Coolest Gravel Bike","b16561794","Black Jack ",90827331,15,NULL,0,15,NULL,0,15,0,NULL,15,0,NULL,15,0,NULL,15,NULL,0,0,NULL,15,NULL,0,15,NULL,0,15,NULL,0,15,NULL,0,15,15,NULL,0,491046,27394927,1,NULL,0,0,0,"none",0,0,0,"none",0,0,0,0,0,1,1,1,"Gravel"
513,"Felt Superlight","b12917957","Felt",90827331,1195,NULL,0,1195,NULL,0,1195,0,NULL,1195,0,NULL,1195,0,NULL,1195,NULL,0,0,NULL,1195,NULL,0,1195,NULL,0,1195,NULL,0,1195,NULL,0,1195,1195,NULL,0,491046,27394927,1,NULL,0,0,0,"none",0,0,0,"none",0,0,0,0,0,1,0,0,"Road"
514,"Cannondale Synapse","b14691794","Cobalt ",90827331,1737,NULL,0,1737,NULL,0,0,0,NULL,0,0,NULL,1737,0,NULL,1737,NULL,0,0,NULL,0,NULL,0,1737,NULL,0,0,NULL,0,1737,NULL,0,1737,0,NULL,0,491046,27394927,1,NULL,0,0,0,"none",0,0,0,"none",0,0,0,0,0,1,0,0,"Road"
515,"Trek Marlin 8 Gen 3","b12609519","Onyx",90827331,108,NULL,0,108,NULL,0,108,0,NULL,108,0,NULL,108,0,NULL,108,NULL,0,1915,NULL,108,NULL,0,108,NULL,0,108,NULL,0,108,NULL,0,108,108,NULL,0,491046,27394927,1,NULL,0,0,0,"none",0,0,0,"none",0,1,1,1,1,1,1,1,"Mountain"
516,"specialized …","b16214944","The Flash",90827331,1883,NULL,0,1883,NULL,0,0,0,NULL,0,0,NULL,1883,0,NULL,1883,NULL,0,0,NULL,0,NULL,0,0,NULL,0,0,NULL,0,1883,NULL,0,1883,0,NULL,0,491046,27394927,1,NULL,0,0,0,"none",0,0,0,"none",0,0,0,0,0,0,0,0,""
533,"Specialized epic","b16795705","Dummy",71558228,139,NULL,0,139,NULL,0,0,139,"2026-03-12",139,0,NULL,139,0,NULL,139,NULL,0,0,NULL,139,NULL,0,139,NULL,0,139,NULL,0,139,NULL,0,139,139,NULL,0,491095,27394927,1,NULL,0,0,0,"none",0,0,0,"none",0,1,1,1,1,1,1,1,"Mountain"
534,"Specialized Levo","b17061172","Eeeee",71558228,0,"2026-03-12",95,95,NULL,0,0,95,"2026-03-11",95,0,NULL,95,0,NULL,0,"2026-03-12",95,0,"2026-03-12",95,NULL,0,95,NULL,0,95,NULL,0,95,NULL,0,95,95,NULL,0,492578,27394927,1,NULL,0,0,0,"none",0,0,0,"none",0,1,1,1,1,1,1,1,"Ebike"
535,"Intense Sniper T","b17324716","Intense ",143775090,12,NULL,0,12,NULL,0,12,0,NULL,12,0,NULL,12,0,NULL,12,NULL,0,694,NULL,12,NULL,0,12,NULL,0,12,NULL,0,12,NULL,0,12,12,NULL,0,491806,27394927,1,NULL,0,0,0,"none",0,0,0,"none",0,1,1,1,1,1,1,1,"Mountain"
536,"Cannondale Jekyll","b17285019","Mr. Hyde",193605405,300,NULL,-300,300,NULL,-300,300,-300,NULL,300,-300,NULL,300,-300,NULL,300,NULL,-300,0,NULL,300,NULL,-300,300,NULL,-300,300,NULL,-300,300,NULL,-300,0,300,NULL,-300,491817,27394927,1,NULL,0,0,0,"none",0,0,0,"none",0,1,1,1,1,1,1,1,"Mountain"
537,"Scott Scale","b17285037","Scales ",193605405,202,NULL,-180,202,NULL,-180,202,-180,NULL,0,-180,NULL,202,-180,NULL,202,NULL,-180,1673,NULL,202,NULL,-180,202,NULL,-180,202,NULL,-180,202,NULL,-180,22,202,NULL,-180,491817,27394927,1,NULL,0,0,0,"none",0,0,0,"none",0,0,1,1,1,1,1,1,"Mountain"
538,"Canyon Lux Trail CF 7","b17324703","Canyon ",157585618,8,NULL,0,8,NULL,0,8,0,NULL,8,0,NULL,8,0,NULL,8,NULL,0,0,NULL,8,NULL,0,8,NULL,0,8,NULL,0,8,NULL,0,8,8,NULL,0,492502,27394927,1,NULL,0,0,0,"none",0,0,0,"none",0,1,1,1,1,1,1,1,"Mountain"
539,"YT Decoy MX Core 2","b15740891","Deviljho ",157585618,15,NULL,0,15,NULL,0,15,0,NULL,15,0,NULL,15,0,NULL,15,NULL,0,0,NULL,15,NULL,0,15,NULL,0,15,NULL,0,15,NULL,0,15,15,NULL,0,492502,27394927,1,NULL,0,0,0,"none",0,0,0,"none",0,1,1,1,1,1,1,1,"Ebike"
540,"Kona Process 153","b15740875","Kona-19",157585618,86,NULL,0,86,NULL,0,86,0,NULL,86,0,NULL,86,0,NULL,86,NULL,0,0,NULL,86,NULL,0,86,NULL,0,86,NULL,0,86,NULL,0,86,86,NULL,0,492502,27394927,1,NULL,0,0,0,"none",0,0,0,"none",0,1,1,1,1,1,1,1,"Mountain"
541,"Yeti SB5.5","b5784623","Yeti",2997986,2000,NULL,-721,2000,NULL,-721,2000,-721,NULL,2000,-721,NULL,2000,-721,NULL,2000,NULL,-721,0,NULL,2000,NULL,-721,2000,NULL,-721,2000,NULL,-721,2000,NULL,-721,1279,2000,NULL,-721,493434,27394927,1,NULL,0,0,0,"none",0,0,0,"none",0,1,1,1,1,1,1,1,"Mountain"
